Input Power (dBm),Fiber Length (km),Temperature (Â°C),Number of Connectors,Signal Loss (dB)
3.745401188473625,10.071513513092363,5.702341024154357,3,5.203108846860597
9.50714306409916,27.553146421539548,4.818727944319988,1,8.481921019714314
7.319939418114051,43.77434595794401,44.3752748312622,5,19.109524545118255
5.986584841970366,36.879019434068496,4.972771990970365,3,8.336582382517067
1.5601864044243652,40.52149624521104,6.316983567717859,2,5.4058739585117985
1.5599452033620265,33.28038496882515,35.56389574507782,3,12.387777233106744
0.5808361216819946,34.92155166137477,16.9843905470324,3,8.308854584216391
8.661761457749352,42.61058692670065,36.60263341731087,2,15.431328992209254
6.011150117432088,13.23373243410011,-6.078030546136885,4,5.063878308333983
7.080725777960454,24.981823218513885,19.25427162040306,4,11.787620371047707
0.20584494295802447,11.83926264916051,-7.983183989003042,1,-0.8797682538804537
9.699098521619943,49.3957323918357,-6.240807792678728,1,8.181334640397885
8.324426408004218,47.25890764464405,44.386247200664656,4,18.823345795569917
2.1233911067827616,2.931913757056789,-1.6452777329442902,5,1.766979251470564
1.8182496720710062,35.57318345326873,21.945240936513027,3,10.39588855357666
1.8340450985343382,46.33716755336763,14.665736156042392,5,10.13285848513962
3.0424224295953772,9.848191911239343,10.840599575530561,3,4.4805931751395
5.247564316322379,28.829316297078844,43.99000074123635,4,14.682243023267054
4.319450186421157,45.85892658181405,-8.690596193470629,1,6.495217689864259
2.9122914019804194,2.663352950704143,29.827381170535347,1,9.52351960808311
6.118528947223795,35.17359309509516,47.80366605281303,5,18.176085969736526
1.3949386065204183,15.570101361254988,23.610091007710515,1,7.065222385777497
2.9214464853521815,46.29541357344999,46.20934772198551,4,16.092171232011616
3.663618432936917,48.58185401310302,-6.864527242838574,5,7.36678858752205
4.56069984217036,47.269057966558265,15.127599144449682,3,11.00869608089043
7.851759613930136,24.236496616215724,5.6094674577230705,1,6.1613515127168785
1.9967378215835974,43.240089898476356,33.84925789884379,2,13.724097462943023
5.142344384136116,42.38292052821845,48.8778254298348,1,18.23083259821973
5.924145688620425,16.635923188919527,5.391803746654869,3,7.341278445476337
0.46450412719997725,41.61685823338319,29.250476088444465,5,10.652421909998992
6.075448519014383,2.8133741010591384,1.8858579655844068,3,3.9594068130066473
1.7052412368729153,30.2172240456206,23.919815274296596,2,7.400586216500125
0.6505159298527952,12.27043302709745,17.83594920130017,4,7.9155395992917335
9.488855372533333,6.907777403086662,48.32031977789222,1,15.04253081889475
9.656320330745594,4.770706879831248,26.511636361787993,5,14.440847447363304
8.08397348116461,35.11815001802885,10.970382325209126,4,12.903108238334793
3.0461376917337066,17.65387322463524,-3.1542529067239977,3,2.6541791706166338
0.9767211400638387,36.51357180490931,-0.9251902759039261,5,4.746411955939052
6.842330265121569,4.202460699148176,3.519015797074106,4,6.211404704237543
4.4015249373960135,16.44922655369991,5.057999680417879,5,4.6027429562853035
1.2203823484477883,27.435073326391525,41.036963470468265,2,11.722832083578139
4.951769101112702,39.745435077109214,23.673367296951497,2,11.246942516450842
0.34388521115218396,16.618872643671423,21.403454682461987,1,8.26568674838234
9.093204020787821,31.668677445413447,-3.113867687846952,1,7.551714102870321
2.587799816000169,44.41290966357317,41.6083816009661,2,14.372100217013426
6.62522284353982,31.177296220932924,33.36885819250902,5,13.972627949679707
3.1171107608941098,12.415014262928054,-5.939898285999905,2,3.1061267468646734
5.200680211778108,2.195638296270363,32.47010583378612,1,9.117214278342908
5.4671027934327965,43.63484482114556,22.61229304055876,2,12.169211512580207
1.8485445552552704,2.04220113166897,-5.096479255193305,2,0.07007301728390658
9.695846277645586,43.86038196152577,17.498038491719388,5,12.716031901303852
7.7513282336111455,26.91791956733339,19.081777227802817,4,10.587776391396812
9.394989415641891,47.01431722713191,-0.05352759020345488,1,9.186249205128751
8.948273504276488,40.1403785529096,46.74188882001694,5,19.073297541168962
5.978999788110851,49.898771416133535,40.998522288839716,2,16.559657567513216
9.218742350231167,18.184878957133797,30.141340239746498,2,12.967207418259502
0.884925020519195,38.59222615762522,17.737733660036433,4,8.560544227878397
1.959828624191452,20.694614766852865,14.70593249507051,1,7.6396886359635205
0.45227288910538066,24.513905394891534,29.058408029057247,1,9.737192709710278
3.2533033076326436,31.747767697700134,22.725912164414325,3,10.111501589278364
3.8867728968948203,43.8101785951306,-6.2636136470868635,1,5.625939858284094
2.713490317738959,49.22008999076546,20.750158926219903,4,11.256697701737052
8.287375091519294,38.64539727936139,38.38421703397037,3,13.741585388438084
3.567533266935893,21.470572326199353,17.554392655817484,3,8.362195410177405
2.8093450968738076,21.64649311157644,-6.882605346743896,2,3.0984151514969844
5.426960831582485,37.14153277785568,37.17669196304199,2,12.850310328144982
1.4092422497476265,12.700080142646815,2.0818269281584634,1,3.19040559396479
8.021969807540398,6.4132315434383385,5.5172500932823265,3,6.3751813988256885
0.7455064367977082,18.37648572439805,-0.11761879406224551,2,3.1248117526608725
9.868869366005173,15.074710591050005,9.812903892289853,4,9.354087873195471
7.722447692966574,15.519097902343514,35.4050903413181,2,14.34510617920811
1.987156815341724,12.446779801445587,21.16315157023624,2,7.297115522446755
0.05522117123602399,3.0625662921817325,2.292876449042753,3,2.694858963316743
8.154614284548341,1.8758228019372767,42.66980468912245,3,14.783576502467334
7.068573438476172,49.39839709706555,42.77491129709175,5,17.409552962274578
7.2900716804098735,21.960883553057254,42.23470550276041,4,14.749048426041597
7.712703466859457,19.8320057108244,4.327772682892357,3,8.056717523816896
0.7404465173409036,34.30271685196042,17.074360650859287,1,7.149829790280179
3.5846572854427263,11.694440505388144,49.0993793684525,4,13.743041797694383
1.1586905952512971,47.54809801356104,36.32074857859942,4,15.084869636872247
8.631034258755935,39.53090570636205,-8.36995472646641,3,7.184250376528821
6.232981268275579,5.3811391133007165,-6.087724524370477,4,2.6681302923451833
3.308980248526492,21.46145801346149,17.835882608739965,3,7.434012445721793
0.6355835028602363,44.07679707054607,44.55321235169361,2,16.41847043001615
3.109823217156622,47.29186909227911,22.32210787716285,5,12.070300612853554
3.2518332202674705,23.902674051243615,19.868750482057415,2,7.22568635645167
7.29606178338064,31.05715807132468,-3.671578002602165,3,5.14997250298576
6.3755747135521315,9.184663358511687,29.40680628345764,3,10.26297830664465
8.872127425763265,49.56726268071185,39.32618963601353,2,17.661505788728142
4.722149251619493,12.351913367788727,12.825200450453739,1,7.41047975910704
1.195942459383017,47.19385693262116,36.536711055519646,1,13.777044300519321
7.13244787222995,32.83268580062605,47.868599234048695,1,16.716865941914488
7.607850486168974,30.779102949064097,2.2259875476613455,3,7.772864461363577
5.612771975694963,26.12173703980892,21.399777871684478,4,11.23811711958696
7.70967179954561,12.302820774170176,7.228277485074532,3,5.682027398068341
4.937955963643907,9.649873568269905,37.57126514203036,4,14.129299260984233
5.227328293819941,11.803824244438593,24.655601952869453,2,9.979272557784332
4.275410183585496,10.13547484506847,28.074945053018226,5,11.133231806631514
0.2541912674409519,39.19963920477091,37.87484957695364,4,11.747876087711683
1.0789142699330445,18.156137699169776,13.758228359747292,1,6.689365218129555
0.3142918568673425,3.834291151606422,44.905404104422594,3,9.96163870345254
6.364104112637804,48.48602887689975,21.9817320347684,2,12.074443228143991
3.143559810763267,44.305508363207856,-0.5227106298791195,1,6.158616245120376
5.085706911647028,46.459861876565434,31.75394709012815,2,14.077073975517315
9.07566473926093,49.75048330967533,37.59568102629527,5,17.453479833345057
2.4929222914887497,9.520867211754878,9.005700624051599,3,4.004750638188817
4.103829230356297,20.41585892623028,41.43075541992518,3,12.306419816458162
7.555511385430487,38.153685309500474,44.368595285945986,5,17.003128212997662
2.2879816549162246,35.10501028463582,6.614269242668534,3,6.489247797355801
0.7697990982879299,8.540899410652898,49.01128836291333,4,10.852262026619462
2.8975145291376805,40.97582312454027,-1.5573083170744955,2,5.143503416194032
1.6122128725400442,11.997588019996373,2.1209401041493976,1,3.7751878074838077
9.29697652342573,11.967063126308531,1.0534903542815677,5,8.379202097304216
8.08120379564417,27.311746721777265,43.639382600472224,4,15.649773849201503
6.334037565104235,30.054056807243455,29.25755313949771,1,13.282140008470241
8.714605901877178,29.424224184052747,-0.8737430066636271,1,5.45853749887509
8.036720768991145,5.482855032489988,16.41940510210094,5,11.779671230176913
1.8657005888603584,43.99558226888864,26.917881504188124,4,13.216298014292258
8.925589984899778,14.014402086846598,-4.9921549006370025,1,4.606072308867041
5.393422419156507,7.3462311428574045,42.94498210444032,1,12.70275730648717
8.074401551640625,44.548655913579886,38.21621212649211,4,15.934389464367595
8.960912999234932,47.826923413257916,20.312406414598293,3,14.286072913788729
3.1800347497186388,43.244253246007084,48.02759691555023,1,15.636299050067608
1.1005192452767676,40.66628766151903,15.065658756505982,2,7.395256750699089
2.279351625419417,33.10685705131206,49.04661914218987,4,14.99112785995303
4.271077886262563,27.992011159847827,30.07519992821762,1,10.682792568950163
8.18014765922493,5.2623512356590965,28.08027639523649,5,10.600627512908039
8.607305832563434,21.014207440464236,-0.04270628225290096,2,6.138385157980897
0.06952130531190703,19.261737333603385,42.91566549827864,1,9.402223059672309
5.107473025775658,13.727935404255984,15.649381275236909,2,8.513737073921426
4.17411003148779,36.447585570740664,-0.2659956530512382,2,5.346501695751444
2.2210781047073027,25.297911018859768,-9.243548801454457,3,1.4695995223785825
1.198653673336828,4.971264579474749,23.585341018302955,2,7.255026178092476
3.3761517140362796,11.788976895540756,21.64397732736058,3,8.465389366383663
9.429097039125192,34.4796794193202,33.16121734214951,4,16.799260985873477
3.2320293202075523,4.730412115024709,43.415483181068126,3,12.588235732016527
5.187906217433661,42.709138788389666,-5.235604921418229,5,9.255200900210577
7.030189588951778,25.262179823684743,33.88978942042174,1,12.963230894235528
3.63629602379294,24.54874228900575,1.2447166458549326,4,4.264357890972525
9.717820827209607,30.027981448316364,41.49062318942984,4,17.630870997084536
9.624472949421111,41.40936733033231,39.14381083169937,5,17.612930751203844
2.5178229582536416,18.04265118720746,22.44762529913266,3,7.495196374358558
4.972485058923855,34.22279147539412,32.61456791739869,1,12.831360432698318
3.0087830981676964,28.72086623579376,8.861006791024902,3,7.914432263877794
2.848404943774676,14.084385238301644,18.270073935968878,2,6.250660941314994
0.36886947354532795,44.05286933140274,39.2982138626283,3,14.623752529770316
6.095643339798968,40.073875058739475,17.555911830392834,4,10.776777582849183
5.026790232288615,33.26413989826285,11.467895919526509,1,8.189485068550434
0.5147875124998935,42.678504725617856,19.652746835017993,3,9.742101477596199
2.7864646423661146,43.49741584703032,39.6949551462331,1,13.594065726448651
9.082658859666537,35.70978585903671,10.112482842252362,1,8.658802245248875
2.395618906669724,42.01365308981993,0.4256955881446274,2,7.011721371734585
1.448948720912231,35.1761016217949,32.72084121984685,2,10.76278842624895
4.89452760277563,34.32689781625472,39.55869276248491,4,15.736590584903963
9.856504541106007,31.31195753254403,-3.961751288588,5,7.502953631062146
2.4205527151150044,37.88311533832442,4.392446765356684,1,5.0836406623648696
6.721355474058786,8.771650159360611,-1.481680614340366,5,6.303940039652738
7.616196153287175,44.16266720074749,10.87648469493,4,11.94016982844636
2.3763754399239967,43.72033285951637,17.021058734324757,1,8.82584704209391
7.282163486118596,2.433116868693398,34.92958021779839,1,11.525341071659154
3.677831327192532,41.465020777673374,29.06885509290045,5,12.345149624399335
6.3230583059357945,7.3146235061988145,27.25571404870587,3,10.354393430817863
6.335297107608947,17.420823858697954,11.142496796579266,2,7.866784222380186
5.357746840747585,37.43190455828878,40.48685318508559,3,15.045652908028762
0.902897700544083,8.877234906367102,18.277230043889872,5,5.659332644095969
8.35302495589238,41.08038418183405,48.74629628090927,2,18.704058730526246
3.2078006497173583,41.774574719929355,28.048528297744213,3,12.23608231309956
1.8651851039985423,25.865918954280975,-2.4241155061298354,2,3.1685392672817927
0.40775141554763916,1.3129077141248455,30.57065372452604,1,5.715482753910762
5.908929431882418,15.064868525570727,9.506240925901938,3,7.274676803014138
6.775643618422825,31.22941900041137,31.179631801165847,2,12.883367704649114
0.16587828927856152,49.07812272334375,-5.8215311102556555,2,3.3917875744855914
5.12093058299281,31.95886282381675,0.49288623055756275,2,6.498458630747702
2.2649577519793795,13.73037547214383,41.34423553434718,3,13.282669002128895
6.451727904094499,32.06627945188096,3.6307734214108933,4,7.991818915610446
1.7436642900499144,27.45928360607692,40.2224675145764,3,14.060030549789953
6.90937738102466,39.21242436240603,6.756565307264626,5,12.341575902935954
3.867353463005374,6.242051302520962,28.572914603522456,3,8.219045880081598
9.367299887367345,38.29036722259937,31.649034410589863,2,15.451537756260548
1.3752094414599325,27.522062355129403,20.759285188703174,1,9.99539991179985
3.410663510502585,48.186608189090734,8.318640601803878,3,8.966640733112097
1.1347352124058907,17.75173613589562,2.7586625822657673,3,3.831085882011061
9.246936182785628,31.99847276356346,-8.008638726254427,2,5.151582148123382
8.77339353380981,46.66937716999085,8.236784074443428,1,10.46932939847301
2.579416277151556,6.022976671543283,29.18976743187698,1,8.585547976774441
6.59984046034179,46.924195874586104,46.29828910690896,5,21.181280281962547
8.172222002012159,34.70640039273985,42.272268935783124,3,16.715197993965
5.5520081159946235,4.324015896153423,35.96388659211816,1,9.038556643784933
5.296505783560065,15.747214780393996,37.30684059519792,1,10.579093298085708
2.418522909004517,35.7004323436188,29.899094208559717,4,11.923333844637785
0.9310276780589921,4.300179471969813,5.617211453960181,4,4.396180875070763
8.972157579533267,29.52635254863739,44.43170184234979,1,17.26240809597573
9.004180571633304,17.94826979069488,30.243938714350044,5,14.305960871266274
6.33101457273268,31.42486037060638,23.6264378588264,1,12.642425282109855
3.390297910487007,3.2413596568131298,-3.340631847191135,2,1.2309294639676378
3.492095746126609,43.70530350146644,16.823332628385526,3,10.400339468844619
7.259556788702394,48.70095948969245,17.62149627211558,5,13.003791477541164
8.971102599525771,48.47501490899888,41.8738165713602,2,18.036360369482743
8.870864242651173,37.73293975540331,22.798893211267306,5,13.262235384793893
7.798755458576238,7.374225766400967,12.82403293822458,2,7.457630822139335
6.420316461542877,38.15489660052211,48.60801971063956,3,17.619536266706163
0.8413996499504883,2.204758906481274,-3.35676440042106,3,0.49835133567760914
1.6162871409461377,2.0840540249208654,15.352905698716675,4,5.1260686096946895
8.985541885270793,16.85690073832752,-7.478519489715683,2,5.687797661962199
6.0642905965958995,24.943516329828622,34.39424724601582,4,14.844042149548375
0.09197051616629648,38.74996347258187,45.084593131949035,2,14.849056099843741
1.014715428660321,34.481473453718756,6.802239773029367,4,7.277374781704903
6.635017691080558,22.849232612460668,41.50050060794725,3,13.54255074993748
0.05061583846218687,14.407706647801628,7.533093827713866,5,4.112287363984176
1.6080805141749865,49.859100507727845,44.64620969863491,4,15.64490721687466
5.487337893665861,21.882883809562674,35.23771421580704,2,11.922350340162042
6.918951976926932,23.117964192154098,38.29440661048632,2,14.372504908805746
6.519612595026006,9.01756723839179,-8.91960666397273,3,1.6833131952761775
2.242693094605598,39.94566788874654,47.768621424441555,2,16.963204090594054
7.121792213475358,34.99042906329294,33.600259524219396,1,15.275211589432569
2.3724908749680007,11.81771102664926,8.285065723168,5,6.003231946684284
3.2539969815926773,5.036671235176292,39.76367989153081,4,11.221292262699945
7.464914051180242,34.344465801660945,6.891271904895795,5,11.273997281807928
6.496328990472147,33.071049499775626,42.36523037396768,3,16.61772045678744
8.49223410494178,14.389716822912257,-3.2451765752837787,4,7.342691203923452
6.576128923003433,47.59231455027011,32.22115864764775,4,15.632475563798439
5.683086033354716,8.401836697264113,22.441908598694617,1,10.259421492006862
0.9367476782809248,22.184405251087494,-4.207931788273552,3,3.912115882284358
3.6771580305943354,47.23718008821235,4.513629695530339,2,8.5745592586604
2.6520236768172545,21.566638529379993,-9.255757823361112,1,3.187497047105559
2.4398964337908358,32.28777143554019,18.126077927870348,1,7.954779004189535
9.730105547524456,20.48212550017692,8.075915645600023,5,8.860948093552897
3.930977246667604,14.43654491508483,25.901449057865527,5,10.410983439462866
8.920465551771134,49.214904750031586,7.834268462517031,5,12.391486497578663
6.311386259972629,21.057366309437107,7.99514669041908,1,6.962741756736212
7.948113035416484,44.81086098027759,34.5915919238962,2,17.189773039864644
5.026370931051921,12.267775688663223,-7.1114298412987935,4,3.6848162793431545
5.769038846263591,11.442130497229082,44.173699711519234,5,14.627041488694035
4.925176938188639,2.5255700613410568,41.13583246347089,2,11.215259409168508
1.952429877980445,32.931674443418366,30.068280993584388,3,12.064161721328462
7.224521152615053,19.057790842464296,25.593294206443055,5,12.838574283150486
2.807723624408558,43.353554242142216,43.53814988837913,4,16.52050689098862
0.2431596643145384,24.1872854278863,1.1198107717228662,3,3.1670065626542945
6.454722959071678,48.44147796782136,-5.261850268550283,3,9.223227682654914
1.7711067940704894,10.090750269452936,4.370610194572286,4,5.807518886661369
9.404585843529143,43.56253522982493,37.67469672201142,5,18.935524186474055
9.539285770025874,39.053245786795344,-7.919783996411001,1,6.58172237716598
9.148643902204485,38.775170387558546,24.968410105009376,4,13.84331872662377
3.7015870025544437,42.394378177727496,49.7262509714786,4,16.860104557752607
0.15456616528867428,38.29017555620695,41.34176563025237,4,12.810276550296985
9.283185625877254,31.684795759939355,21.286741342615368,3,12.896328031768372
4.281841483173143,7.430999006436991,-6.181545442801459,2,2.8801540200378266
9.666548190436696,2.593782795071344,39.88241086314259,1,13.65908698810385
9.636199770892528,46.12154454296866,25.93871049063263,5,16.320285494255945
8.530094554673601,31.215865411516162,-3.1040201764259905,5,8.024627033403075
2.944488920695857,40.03032725783264,-4.368562910598628,2,5.127718676846917
3.8509772860192526,24.594595224114954,44.57760916619554,4,15.297045506189232
8.511366715168569,6.7481012591573295,30.152015776284706,1,9.248938611257145
3.1692200515627764,7.134103817924972,39.757207959005335,5,11.73807159089622
1.6949274668609249,34.592699074219595,42.73873401693604,5,14.642468039166955
5.568012624583502,22.08498885007367,24.306341122899333,4,11.837356490426275
9.36154774160781,10.8257116083165,21.046781105302475,2,9.562655313412225
6.96029796674973,25.088132790330405,15.82564461925941,1,8.391181503806669
5.700611700893649,4.146237916681571,9.016795267467156,2,6.252243690486546
0.9717649377076854,29.51659869380554,16.075757651522707,2,5.348241628282023
6.150072266991698,14.180676817319785,36.432779343809386,1,13.411848794750492
9.900538501042632,40.08039593122222,26.11540586090789,1,14.70798200731793
1.4008401523652403,16.207735987255113,43.55139739729076,5,14.090194367209723
5.183296523637368,23.30578730500826,16.602800862751263,5,8.655714788300251
8.773730719279554,1.5694064554969311,26.425374723125245,1,9.692521481096279
7.407686177542044,4.549897501933385,27.87845318551932,3,8.22665514914134
6.97015740995268,20.232184263927557,25.501829738379534,5,11.312973316049728
7.024840839871093,24.51700290113905,32.15802638513098,3,13.11187910635377
3.5949115121975517,30.401006857845882,4.246008102488377,1,4.024050482372603
2.9359184426449336,15.291466356755858,20.741826652747438,5,8.25084437534914
8.093611554785136,35.05411242020058,-3.7465118314991397,2,5.415574476252554
8.101133946791808,43.145997462271026,13.070679658688753,1,11.021842466449334
8.670723185801037,39.21269845577414,19.260024117275865,4,14.45574818904134
9.132405525564714,2.9413224420695,29.13345557272835,3,11.552046371420854
5.113423988609378,24.54484041563362,47.03186315517221,1,16.375776039514296
5.015162946871996,6.141578742490569,26.039063992901355,1,9.415844709659936
7.9829517896677515,12.860205777263847,34.61563497059359,5,15.04877131528595
6.4996393077776515,49.34646707009018,20.375963569712166,5,12.994713833961994
7.019668772577034,7.982281602174148,28.046241882579878,5,10.628169294629306
7.95792669436101,25.44551951911645,-5.744067031973595,4,6.920315309082799
8.900053418175663,31.289630981587838,5.263494850510819,5,8.55398668571592
3.379951568515358,35.42078355666109,11.711185592308322,1,8.345435008147543
3.75582952639944,28.42278549085879,18.349601300390816,5,9.566193755816833
0.93981939840869,1.4787715235399994,-7.261075269856976,2,1.0955686351336067
5.78280140996174,16.996604103955605,-1.5985541468009394,5,6.450862540095653
0.35942273796742086,26.36787052585086,6.6088584674783455,4,6.434976545404593
4.655980181324601,5.305458458096834,48.29196145406304,2,12.362722145889546
5.426446347075766,18.180719629249857,9.880820426183046,1,7.8556694904612065
2.865412521282844,2.6269523307769616,18.92246348672495,1,7.224606685428391
5.9083326056901075,4.850346360596016,1.7658627643035771,3,4.653659668385031
0.3050024993904943,20.449240533878207,26.6468042645461,2,7.387435536625801
0.37348188749214417,7.503071948109957,6.840992930958457,3,2.4834595235143495
8.226005606596583,28.80950156481635,2.4195547063056075,2,9.316876893057014
3.601906414112629,34.78378348772602,20.994357706758745,2,12.762548839603975
1.2706051265188478,40.228748256345064,-9.66965205037475,4,2.9426019086437587
5.222432600548044,10.807361967995694,-9.54015804104648,3,1.625400838821735
7.699935530986108,9.206646530694417,3.1441285461114674,4,7.520872308459268
2.1582102749684315,6.123824176385613,-7.7967182499507315,2,-0.02176962423401374
6.228904758190002,32.1850822276382,-3.518454752158517,1,6.947625035655387
0.85347464993768,35.61731059785816,10.331638960325094,2,7.12014235034632
0.516817211686077,2.54772109645646,38.15514077478877,4,9.320231567948474
5.31354631568148,46.874400065940804,24.322918602158047,3,13.550068419388118
5.406351216101065,3.5465928989221482,20.760063557384985,3,8.49004597857314
6.374299014982066,27.523520429752452,7.609329392487297,4,8.481760931177561
7.260913337226615,35.7439654530949,45.905223165968984,3,15.5295368154781
9.758520794625346,43.677487063558196,13.820902474231499,5,13.689840327103829
5.163003483011953,35.99025967448896,-4.7744339922537105,1,7.0987012765682955
3.2295647294124596,40.2846760704198,27.023990967068073,1,9.739279501957302
7.9518619476870365,17.6330594345975,-3.1696963914039156,1,4.43951261888354
2.708322512620742,40.9264305735791,10.713388568101525,3,8.916309002054597
4.389714207056361,4.925627472849082,20.444716323068533,3,7.714954978159076
0.7845638134226596,44.84601614696585,42.453351481110545,2,14.378735977214314
0.2535074341545751,27.832026431533077,19.61279482040712,2,6.733197116484358
9.626484146779251,41.04759072816219,32.13552596189986,1,16.807564625178124
8.359801205122059,23.163595941396707,49.56901033994422,5,17.956962830379755
6.95974206093698,32.53530706462972,-2.1106528061211023,2,7.608256698050298
4.089529444142698,26.793730385869548,6.483891531171171,2,6.941193477863634
1.7329432007084578,36.84788656601126,13.674564535858785,3,8.361668132088106
1.5643704267108605,4.999869119498889,15.309690712329882,5,6.470943924799426
2.502428981645953,3.957252115537626,14.661264515932746,1,5.065680559530239
5.4922666470612045,13.108058466497177,44.456660153393294,2,12.358072172763467
7.145959227000623,8.81768932554623,32.84195866801139,5,13.610497105373177
6.601973767177313,43.717394763017886,26.474312845442228,5,15.285716215227074
2.7993389694594284,11.741485380544171,8.562363071766924,1,2.4794402457797062
9.54865280663194,48.81739753513743,39.42742305327768,5,18.38735048260957
7.378969166957685,17.507893796784234,47.303630689099336,5,17.443360563469938
5.543540525114007,9.923777868746265,39.271896953013595,5,11.291598893556515
6.117207462343522,39.69522684998148,-9.906093688511625,2,6.590474560368328
4.196000624277899,33.27668099954293,28.184082211004423,1,11.221262318639878
2.4773098950115746,25.41159010620381,-6.9318771134739565,5,5.233721105765368
3.559726786512616,28.21281399594393,5.45643322002331,5,7.1912846477798995
7.578461104643691,36.24088713534093,-6.428517979133699,2,6.00554767703357
0.14393488629755868,12.194282325233637,26.227727176963263,1,7.145026771823938
1.1607264050691624,49.820361886780354,31.195394809556404,3,12.67109286361391
0.4600264202175275,48.76486494519237,-3.1307417160456925,2,4.269500227278183
0.40728802318970136,32.865958630999906,13.03033298269877,1,8.614649954245982
8.554605840110073,10.777580095528112,17.37419053733252,5,9.358800855490037
7.036578593800237,34.33118387913328,12.143181305654995,1,7.437088570884652
4.741738290873252,4.5377220399796165,-2.7384999708884177,1,4.158640323378396
0.9783416065100148,2.5019726080844973,15.136867411248524,1,3.4831780739972356
4.916158751168323,13.62646153704947,35.07068286850509,3,11.438088842024431
4.734717707805657,23.6685248802265,-5.739540128004672,1,3.5283972516955098
1.7320186991001518,43.54535276501065,-5.189199155085793,3,4.513053360875656
4.33851649237973,36.63128441854909,11.286277510159053,5,8.823449718813139
3.9850473439737346,37.39261953879907,46.5035426971355,3,14.93567686279691
6.158500980522165,21.84917338795569,30.11435880337484,5,12.851799351436185
6.350936508676438,17.950814634801183,30.72019740035389,5,12.21260164021348
0.4530400977204452,19.18089938624553,11.715199450271896,3,6.118012067873102
3.746126146264712,49.394828623066836,25.619647472512305,2,13.019169481557656
6.258599157142363,2.9653503792116416,-9.392128958335398,4,1.8198966312998617
5.031362585800877,43.48454330999998,28.165762784572536,1,12.905809456887301
8.564898411883222,29.355095020047276,44.7972168545742,4,16.959563754739825
6.58693631618945,22.492155540289932,26.754408100689147,1,10.201904889627883
1.629344270814297,36.537625360341686,42.4219156079807,1,13.942249363552591
0.7056874740042984,24.84677812981044,33.43838332796563,5,10.903872936267955
6.424192782063156,43.797738666001365,-2.7664950157785846,1,6.931021234305519
0.26511310541621813,45.134391336551666,44.1471984371505,1,12.919868137370099
5.8577558127346325,21.664325416799315,-6.013369338653507,3,3.7646998192432077
9.402302414249576,14.564562064517528,22.03804835286583,4,13.753985108064251
5.75474177875879,30.02516610107475,-1.4717725723925401,3,6.819651634638358
3.881699262065219,45.70580393521786,-9.297603356145757,1,3.860780316122428
6.432882184423532,11.322447261277663,15.322055607658342,5,9.200962838194014
4.582528904915167,31.525362594610655,7.702442459249376,3,8.946305380564063
5.45616789315935,31.946450784533507,19.160029627856183,3,10.822252563134306
9.41464808776525,36.92253809834877,24.631993204073048,2,15.299997836665238
3.8610263780077423,7.446816571235731,-7.375655661463158,1,-0.042749428235154374
9.611905638239142,36.07542326942234,-2.6198022925752618,5,7.398212640166543
9.053506419560637,45.542593512616406,23.51854378702552,3,14.945238740300818
1.9579113478929644,9.804472334641856,10.590041190359493,3,5.25390728885645
0.6936130087516545,12.639622921270004,33.75040925296688,5,6.521350468841963
1.0077800137742665,48.59835960804034,29.13749891551638,1,10.86764965959243
0.18221825651549728,9.867870682764998,40.73626177939441,2,8.816486238029675
0.944429607559284,42.864869575109374,31.549569600153518,3,10.576669440618128
6.830067734163569,25.121614965953704,15.795864643408887,2,8.675326527749123
0.7118864846022899,13.114322645755674,30.377997343665946,4,9.53876277720926
3.189756302937613,43.66674516235306,6.522870455325112,1,6.5487217374794255
8.448753109694545,22.81995749513061,8.37880992669276,4,8.399012155117042
0.23271935735825866,26.22605034255482,37.3391095952476,4,9.787981323126452
8.144684825889358,18.60243510058852,16.78517098409493,4,11.758529762338343
2.8185477477339993,30.054591720311443,37.90282043110115,1,12.729929497589008
1.1816482762165625,9.012669756666115,39.345342420096706,1,7.168803394891334
6.967371653641506,20.162995295936273,41.453740259677026,5,14.3084933291266
6.28942846779884,48.50120379442909,44.99811415047244,2,18.122975327831742
8.77472013527053,13.64853820235525,15.859113230797774,2,10.80542908301318
7.350710438038858,33.18009656252332,9.13200909926833,5,11.160605454492083
8.034809303848485,16.934313147010048,24.93192479564683,5,11.84153801549673
2.820345725713065,38.90018315864343,12.270345406257654,4,7.022883399179367
1.7743954377972282,7.412809375199141,26.064450008013978,5,9.211617651932634
7.506147516408584,48.52123120884869,32.33515175862948,3,15.675330379494552
8.06834739267264,23.235687527798323,31.30430110952821,2,13.287464685636863
9.905051420006734,12.566472703976734,12.473173221207283,5,10.026387186434
4.126176769114265,4.60134061917062,0.011612101925170037,3,2.07001536728296
3.720180857927832,9.318137349289497,15.831760307732452,3,7.222506437662346
7.764129607419968,26.468923479244864,-1.4443513550854767,3,7.366545911730822
3.4080354025301784,17.51315564513303,43.4058221110285,3,12.610708845069295
9.307573256035647,41.61528492824787,10.752647644271445,4,12.636950449559386
8.584127518430119,22.11348865942849,-0.7324151666005729,3,5.882930044414488
4.289940273750183,13.186999356793866,-8.473134405654948,4,2.70004041554038
7.508710677914974,31.240104343597473,28.749343177189054,4,13.854361881690833
7.545428740846823,35.63208362738685,28.214139047284597,3,12.143822910483955
1.031238688359326,9.185053487146543,10.4362499948775,2,4.0642780810337635
9.025529066795666,9.213341598127565,-5.69728666914094,3,5.928286506063698
5.052523724478571,2.7968999197436055,14.57773369371392,3,6.318267668913563
8.264574661077416,37.083698738216384,8.673049703803613,3,10.441152242606725
3.2004960103061175,33.52642185346845,30.627238384100565,2,12.240681906554183
8.955232284962005,24.25691291174088,26.346754967161424,1,12.084858318221103
3.892016787341631,42.36435199949066,11.8756236918524,1,8.559770932446074
0.1083765148029836,40.4778374945526,3.073553255299405,4,4.739979143384167
9.053819764192637,29.682363855440855,49.282157969335515,4,18.53664108418674
0.9128667678613356,43.54529274514967,17.240097271766892,2,8.524133629194234
3.1931363759041487,11.086219291801644,31.29645414681422,5,10.963570741548406
9.50061967050805,6.484061350488666,-1.5668219452983543,1,5.94881153542646
9.506071469375561,14.21773096433249,19.135381979563867,4,11.993094266046683
5.734378881232861,3.797255948376428,-8.34779680783207,1,1.3690953229925285
6.318372121697992,27.02730687205057,20.327307074626997,2,8.350797077355336
4.4844552197831975,46.89367892245311,47.841044427062144,2,17.841444134014115
2.9321077169806453,2.9278334927569727,13.052402779148014,5,6.300438727693032
3.2866454536991596,6.983385786491313,-7.660239245505305,5,1.6743218517115601
6.725184560770384,23.15775238588833,-8.142652544839388,2,5.204777209573484
7.5237452943768,46.75987585886734,13.279205596812169,4,10.845111549921326
7.915790437258485,16.491649143860776,-0.3985038122083573,1,6.857599583443924
7.896181427945539,25.85450562573123,-8.598874220308845,3,5.380141880690073
0.9120610304869037,3.0370700934692128,35.37281683701061,5,8.5053732789876
4.944203047025814,8.268816847142354,17.511380532913442,3,7.079557758570944
0.5755876001664428,49.3448760249835,7.354686318359271,4,7.6617336802532146
5.495288823237355,48.290816125366234,44.00499098098884,5,17.865712147053607
4.41530501373377,1.242059065786071,-3.0316623879684634,3,2.673806216251206
8.877041827582998,47.63877748573871,47.35512973731915,4,19.443817165871078
3.5091501255207866,32.31687695295952,8.83800304264117,1,7.2541029400460575
1.1706701642760586,43.527996431481085,43.30422033852087,4,14.807258067323746
1.4299168205283586,23.282252926059098,26.17657258876769,5,9.13092522504923
7.615106317174723,26.26420540038326,39.60244158448925,2,14.156271391102273
6.182180633162611,24.953482432589087,49.040789792627855,1,16.302962061260622
1.0112267612279024,33.67634861975911,7.3043262691247435,3,6.7584395324127176
0.8410680611499743,7.842911483059332,47.668129124455575,5,12.2955873589333
7.009691314591199,2.4687059037612196,13.36891369414522,2,7.949694452490967
0.7276300636419353,16.088567137968354,13.13071428421534,4,3.837486946293237
8.218600592903563,35.52935737409569,10.423226255270343,2,9.782486643408715
7.062422271564962,10.89081915402447,22.484456440855112,5,9.460867227021307
0.8134878064189976,33.99818923292095,-0.7512974092907747,5,7.412575609781289
0.8483771408519192,48.52569025925625,23.22268912148067,2,11.234515241043706
9.866395785011754,5.601135073681501,22.502288744600243,4,11.1147071651358
3.742707957561203,33.95750379303119,35.7141087562922,2,13.794916688188316
3.706421470668909,22.743760745923986,40.018997716255136,5,14.747662016932995
8.127995672575025,43.538970464497766,16.42648101874544,5,14.308822778010448
9.472485773838587,9.68033968292191,8.139994961089624,3,9.153979332529762
9.860010638228708,34.93867165908206,5.560093839025669,3,10.173350929545633
7.533781852589416,42.0676491927574,1.6774302022923155,1,8.10777646654496
3.762595855309158,47.28609675422714,-6.541145068058507,5,5.839489409484907
0.8350071669866876,34.47915338619264,10.546878730082799,3,7.377241934858175
7.771469159274368,25.361563436412936,6.214861527846995,2,8.105927493519095
5.58404249735805,31.27451476985948,47.98504315198444,4,16.298010325544666
4.242220092469763,43.57634423945719,23.462529575002634,2,11.300589023453325
9.06354385094736,28.959877585302653,10.836622341830452,4,12.245276783004723
1.1119748230615134,2.4889659251450063,24.82805605962176,3,7.62317562881128
4.926251042908591,46.61648607984191,-1.6481979192582692,1,8.925528401714999
0.11353644767419069,34.7868108005465,16.642624952132174,2,7.992990594210289
4.6866064199412625,34.14915590308508,27.57405928526383,2,11.929985097586805
0.5630327568183735,11.568082467488141,19.333869907547083,2,5.879696155922493
1.1881791626807192,33.2853880414002,14.106728039259455,4,6.923672446070798
1.1752624677710488,20.299355877053767,49.63090333398189,3,12.18232849663588
6.492103021160636,32.91041587503311,42.81888572893562,2,16.208211265763627
7.460448792654233,6.223058485091546,27.404357489566408,2,9.498723032266298
5.833687650971596,33.234419925548764,24.162641670936964,1,11.584271906095305
9.621725484745419,49.971272562762664,27.23962878947504,1,16.671382439639196
3.748705795237041,3.3623899041672454,2.0787264693459946,3,2.8608832488735474
2.8571208628186073,48.881535026844546,13.708264595859116,3,11.96884848785716
8.685991281894603,20.93849007542066,-7.632428026546041,5,5.41966392223606
2.235958385194526,43.6669190665257,18.5327622492096,1,10.4814183055816
9.632225394406113,39.3368887188554,22.58147503745979,5,15.190852757712918
0.12154474689816341,28.783796788346724,3.664984166192575,4,6.06624413546842
9.69878826707639,37.184011253315,47.841730829930825,5,18.51994381349617
0.43159911950576113,44.04726250376605,44.56727665623452,2,16.44100205833
8.911431136980712,20.802875760900616,33.32859412735435,5,14.522946886268382
5.277011090862999,17.024624916598697,22.00319772592175,3,10.318255521575
9.929647961193004,33.71207589261565,42.1981495788611,4,19.420148974576787
0.7379656473539886,40.58445115512167,-2.1608593705922257,2,3.9905939975755
5.538542844013207,38.35197160405417,37.4305876564931,5,16.416312476657822
9.69302535619099,40.09286879407309,-2.510751161989102,4,8.782179679883491
5.230978441701488,22.343582425833716,37.652639752964326,4,14.977336994484821
6.293986381352625,41.073876592576056,6.546054095081416,2,8.403410937721468
6.957486889846171,6.890243713159814,42.625434861091335,5,14.231361770953093
4.545410647677732,27.67996580008163,46.64252562952387,4,15.875327730763763
6.275580800840634,1.282174364407957,-1.0722418356930614,4,5.035859239445116
5.843143119231002,16.904705665113244,17.76053630392361,1,10.432625695338094
9.01158010490989,18.956615208698494,48.8592426897611,4,16.921331121662526
0.4544638034145787,20.412461888853514,19.004446158388795,1,7.508102096544007
2.809631895922303,35.07789312780324,41.812851350872705,5,16.745433979550153
9.504114840765588,20.039346962246942,25.32389132787919,5,13.486503743048244
8.902637838909163,22.985987508504003,12.519794475176113,5,10.203743815219912
4.55656752785713,12.639662412842046,7.147013331552213,3,4.141618932087922
6.201325978015367,19.289337789837663,2.1933854651652354,5,8.85154962843556
2.7738118298113266,12.136211735894422,35.707891482661836,4,10.69766105510311
1.881211597237613,4.586600264653738,13.192430409381672,2,3.6363934077299636
4.636984049399821,30.568981075687518,20.67652773204507,1,8.452365594467915
3.533522280260528,33.7424271291958,19.539528800070915,3,8.945695422673985
5.836561118508721,31.35502695447111,24.636741753987877,5,13.400836898726213
0.7773463696498484,23.711208146228046,41.93462873747313,5,13.704588274617095
9.743948076661665,19.609503228782263,48.84436061500576,2,17.853918355665748
9.86210744479603,43.303348829019434,14.455052514429017,2,12.884736935539125
6.981617140197452,26.435007471674684,39.65113532637818,3,13.719015793040496
5.360963663441204,24.479912003856818,35.87166767928306,1,11.872865622060848
3.0952761628632777,2.256461224515349,24.411737087334394,5,7.049012210668778
8.137950197069486,17.72114355368166,47.36282861671599,3,16.786476182772372
6.847311725538793,19.629585320506997,2.0284709317041667,4,5.928996102299225
1.626169393448913,20.542316263948123,-3.444147381422715,4,2.6642407357811333
9.109271844938425,29.428446092139282,41.23771801732533,3,16.4615368921497
8.22537242923169,27.146524789617043,16.348988998024897,5,9.927336340086184
9.49799913291924,30.787349546878787,40.818131252423626,3,16.938132202473067
7.2571950838836,38.47927981556428,43.585412311724895,5,17.586455104807673
6.134151959357899,40.83630119708858,-6.252544382855714,2,7.6844063687783555
4.182430362906189,36.18803073509822,43.007885779163644,3,14.391729865761894
9.327284833540133,47.8206611017918,16.89914332216533,5,13.026341673069977
8.660638895004084,1.89339655114172,20.625949340253932,3,9.170789321075716
0.45218670106189407,10.59312129849376,27.59555066559261,3,6.606424320062829
0.26366974497252005,1.3705808739289638,45.582956403805206,5,10.924638832453322
3.7646336687804958,32.72626099357555,-8.853034334214158,5,3.0244012050783655
8.105533307818328,45.00349689854936,18.610608099069026,1,11.969892560200623
9.872761293149445,12.930632532238665,31.26332254583364,3,12.453736739143098
1.5041689110352818,46.424692695019026,33.362417461893706,4,13.834794294484354
5.941307153521351,3.9531021241884816,31.551945892226477,3,9.765788257999453
3.8089085663102153,46.787365313470204,-1.9338922355126886,3,5.360316608801091
9.699143978146033,18.229511674742085,7.963735302300876,5,9.56345012007285
8.421189231357086,5.96962059401161,11.522931525020809,3,8.332029120358374
8.383287047111379,24.807716200129956,38.2662324607703,3,14.954456442462021
4.686931597949703,13.582051818304889,6.725592344873181,4,5.635466670560868
4.148195023376652,14.958772196134218,2.64229783203219,5,4.926872197123924
2.7340707193070624,16.057208281388043,47.44688114228577,3,13.475080448691523
0.5637549665092711,40.34826899380051,-9.468202893191865,2,2.133615054756765
8.647223762550531,27.41890255708747,49.869251340918694,1,17.010869433757218
8.129010091300776,16.25407725864418,30.609277931443735,4,13.762214928690927
9.997176732861305,30.906355382235,39.70815796694703,3,15.629532419137911
9.966368370739055,36.091383036936485,7.67716378077159,2,10.68408822547722
5.5543170560262745,14.358576035943155,-9.1410833399764,3,1.4958100508151675
7.689874151805105,21.263905974742226,34.272171113691805,3,13.953691566125089
9.44765729882428,6.9724185735104305,40.04867582004054,5,13.95199645997223
8.496473906774115,9.876318127199335,34.42856791721115,5,14.641174162580016
2.4734810174319763,34.37477484428416,-1.4289827619496833,5,4.411474131109118
4.505441353100935,9.89047903708572,35.20567533541814,2,11.324982684143677
1.2915941515149498,26.733005799685948,36.13536692645846,3,12.667302119544257
9.540510272587223,35.7432668243992,29.512430940203295,1,13.516378605353724
6.0617463445088005,6.236969231642448,35.966955967735174,4,11.186076359970741
2.2864280550346274,28.798298761816273,40.75528638066393,5,12.729905535455131
6.7170068440585675,13.571576401366825,26.816246854247503,5,11.093047744611164
6.181282404578958,48.18341688664141,-4.683717161819256,3,8.389661257779235
3.5816271803284048,24.69373668927631,19.25766858003265,3,8.444216041211241
1.1355759219962902,40.493634938982744,-5.341039919703697,2,3.027985245749323
6.715731955927996,27.961100565656828,14.452581861945852,2,7.62573870033556
5.2030770090379335,3.127214109886139,14.426389347537658,5,8.901485291527509
7.723183917356393,32.0244174041071,-6.039409351585505,3,8.436647459186453
5.201635011119934,47.61876376812619,10.92923203816876,1,10.408777329494795
8.5218150031854,30.47897918717023,-3.34011407252111,4,7.030398911380517
5.519068387744856,41.14025411191272,38.49411260055333,3,16.22008424030601
5.609379715353863,44.326116704071985,46.861281557868246,3,18.458264757150843
8.76653602658345,12.175908825497691,-5.661011484523684,2,4.814408467524023
4.034828662123971,11.390197155503106,47.306912437502085,4,13.859185078111603
1.3401522845064073,30.938068453698595,21.35459596020471,5,10.766570409153498
0.28782676313338973,21.14039502052853,7.973940677232434,3,3.112279662009626
7.55137255673619,42.153203840469295,-5.388275483430189,5,9.411774388851162
6.203095513534647,45.10113304650255,20.03745608422507,3,12.20999846690608
7.0407976809922355,18.317647585833186,37.67093266944492,5,13.27377183095737
2.129641615089107,12.606657389749621,32.42518863600189,4,8.980217800425555
1.3637147558676976,39.24575024694923,-6.986439312161574,2,2.944422405677369
0.14544665667881929,14.46549574185867,-5.62588987792579,4,0.38402420683891547
3.5058755880659698,41.308101607170244,14.172396957958227,1,10.789616320730673
5.899176868546331,21.76317442878938,7.717429642876596,2,7.760594744228423
3.922440450997323,33.70994506528205,3.94305938336287,4,8.385309362308009
4.374749220237291,5.681230377898741,6.860269934522815,1,4.98991992642976
9.041586944937483,31.569106909152076,38.20896459781308,3,16.280724691416737
3.4825546702330037,23.136616258124228,45.75368321791123,3,14.180430927876804
5.139894891598108,29.743814695598232,14.306161671653985,5,9.508048610779811
7.8365301274114305,9.232696179498308,44.36666012794982,2,13.999084330805342
3.9654278232127016,37.10681350226493,9.289742074872919,3,7.043240302994536
6.220867002278735,43.2770567996182,18.586219180627495,2,12.837209168266948
8.623637087467452,11.620250204448007,3.5617398689599824,3,5.272958251967477
9.495206236576422,5.690013220487924,28.428562530550636,5,11.443706355917932
1.4707348092903794,2.1582907162704834,48.73886691048853,4,13.911003989330556
9.265876251614944,32.456603521720034,26.20958576260272,5,14.756688513564846
4.921162930795382,30.747607768350257,11.46884504681293,1,8.306821696625503
2.5824438829895833,27.788173222989432,28.869046759431704,3,11.381187163447807
4.591357562382613,12.365407709682795,-2.624759292076746,1,1.7669302006228411
9.800325752854771,20.15439379937022,43.31954481592392,1,14.485717853079171
4.926180939928696,30.12934042412248,20.185037046790182,2,9.668137575185787
3.287516102875082,25.341576084099298,16.960984522378524,3,7.566751606775487
6.334008543167258,49.401490490529476,25.151887307211155,1,13.362574817069408
2.401456187781931,7.685547875279923,27.487031767364144,4,9.152238530193923
0.7586332810866392,35.06208314833209,-5.693451626409218,1,4.435997677965281
1.2887972191064923,20.811619637110315,30.957033273404143,4,10.928055567734699
1.2804583895777244,21.981781131355124,4.515900818931776,2,3.3473107600217755
1.5190269351229435,36.16229051725063,32.83715795039539,1,10.868210031417822
1.3882717264941014,34.92937141489411,39.352087663051805,5,12.910545366097208
6.4087474480321465,49.57154369140723,38.237510453151216,2,15.392469304774693
1.8188008439914483,7.291320183252136,23.150058044473347,4,6.224368936537775
3.456672833238632,6.10137281982415,21.210193538645072,2,8.844824794055286
8.967884099060118,36.492602039308316,-1.427442319635297,1,8.158356032766482
4.739616402628723,29.340958933314045,36.520769024188134,3,13.283827692878646
6.675577385210271,14.433872661430488,6.284562826802862,3,7.4223460907030585
1.7231987120162984,4.891549080460344,19.80172536907679,4,7.044845441611116
1.9228901880867078,5.197254230225096,7.056445575651004,4,5.211285285902486
0.40868616266478863,44.81535285854179,-1.970298220018412,3,4.448157109816125
1.6893506307216455,10.401498911218402,27.77346181350419,4,9.042239786056323
2.7859033903195862,16.845206543660517,-6.74007791062577,2,1.418282791049862
1.7701048427674682,12.106163709122413,34.918714047571996,5,10.389253658071647
0.8870253375705561,18.39481898576493,9.055207715666999,5,5.650778677657225
1.206358711006008,4.401768294558575,-9.991918419730881,2,-0.20054350326825351
4.607787680327258,26.433929754505247,20.667748354233787,5,10.691157592308102
2.063337184057925,4.3130156160185305,-7.1888854883438125,1,1.1270240385069725
3.6426986104807546,40.217468883295716,6.5701734692539695,2,7.160142496444971
5.034172708548569,12.451892013611218,32.41858924734297,4,11.627667678007471
6.903948286293653,27.460583815621018,-6.238622702688048,2,4.791403144650919
0.39312139841098936,44.12387529051146,40.36030954136014,3,16.50176270241455
7.994103989090426,32.892991083312516,-9.770804640485014,4,5.619325857015832
6.279003894909078,27.11493154101543,4.809432152114134,3,7.012228877634354
0.8175903194887191,16.892353902653404,34.454243369124285,4,11.071527300847675
8.735786241067773,17.3170937398517,8.976208983758408,5,8.96537914776958
9.208724005318132,33.80486080471132,-3.886456716039188,2,8.690602867623388
0.6107795985486375,49.71282869983721,11.614035128025673,1,8.052502288589059
2.7687764814720373,33.43012030261955,6.223597183071533,4,6.76893044105849
8.062012797930613,28.33138745113122,40.56271412963329,4,15.42393262088031
7.482596903836583,36.80187500172306,8.800875055108587,3,9.292824401475444
1.8452101935637732,23.79507500190219,37.33594830656043,5,11.87698125577145
2.093493233367103,3.9469747874384753,43.51232868864408,3,10.869513514811418
3.70472102791382,28.55254397801758,16.029045174591772,3,7.981542703253149
4.845229851910213,47.92363894076363,44.59658863126352,5,17.52506411609763
6.1825477153029595,9.589844175525322,12.63908323779157,1,5.783959630094318
3.689136395697724,34.81023965021262,47.84470498940649,3,16.550434377347774
4.625347161331479,10.845750744293767,-4.642628528465624,3,4.3160853488619555
7.474709381337565,27.255556539180983,31.221155990194568,4,13.202816352417264
0.366832028905979,5.737146032689261,19.62884242741572,5,5.422726048089839
2.5243694434402073,23.068175876651072,13.258928327338822,2,6.998704781862847
7.133495858845524,38.05200311586706,27.962712724916052,1,14.529856879024244
8.952068376871994,18.031004687710123,32.23142549805987,1,14.512083421072157
5.116774421156661,33.58067449987368,-9.738203820981454,5,4.066071173133141
5.321134852653157,39.97704807869673,0.0171853248319227,4,8.86801412881416
1.0717201133977605,46.43171315449318,32.78276303805912,4,12.874030641824827
4.474123668234546,12.497462010917223,29.98312481469239,5,10.94124329768694
5.326172664550231,20.5664798746561,47.96285030772063,4,16.01701674693541
2.4247050363472966,8.468384653190455,35.66226741504698,1,9.010686996085976
2.6924323094938094,49.63169160576039,47.046362463880286,1,17.115358440207306
3.7728416310462265,46.423047428290474,32.152430092088416,2,14.98317384853965
0.20071197777726368,27.45789938374742,7.88313251836659,5,7.384056708471929
3.220791655831783,42.25963142444464,-3.678104664948611,3,4.156823249105354
2.1144800699654462,26.526940886330067,36.90943180069613,3,11.762163215026527
3.2749735217791462,31.555698712135225,28.648953288554956,2,9.18761670500633
1.1976213181925122,5.367097173684814,-7.108839256402226,2,-0.45152753675904955
8.90527280739895,38.00825060434359,11.6030279540587,4,9.376568183815914
5.935924535540487,7.257960698126507,47.40798892905717,2,14.225622758033815
6.791023191444896,41.47731388237389,20.024068742612073,2,12.367366368062426
7.891712386073383,39.31937629584891,15.963748161182277,3,11.537942348301273
4.984421989290572,35.728490189405846,17.461976309557638,4,9.966307164947096
0.8692028808742369,2.7718586457133436,2.532963440309823,2,2.1324116174240877
5.371065418185478,15.853289441321103,12.122430251887714,2,6.283925632231296
5.868411180208791,13.892515925631301,12.188795359230596,4,6.881754139746318
7.4543947418433,18.646683966104437,-6.858698788751656,5,4.517709807847053
4.316595462296794,5.294494591428089,36.054057711075096,4,10.894717801767575
1.2758030279556376,46.91093332852208,14.99026591423274,3,8.644740460143813
2.8377590579872445,28.13630979490644,39.3307932089854,5,13.214431131817674
3.630822963986351,15.970691222243154,41.02088006719372,1,12.43846535767497
6.459172413316012,20.452094336639888,2.7196432819194847,4,7.982020901565392
5.707783046689119,22.912924484736948,29.441208930207715,3,13.383906542755685
3.5609672589784624,30.429122334670247,18.3369082497789,5,10.050914490880329
9.865152487929796,26.26829195712839,42.809404275289104,4,17.668875397298326
6.057748193568871,46.05020668750645,2.9444407505872476,2,9.011629272783443
2.372267917359945,25.351210662385682,30.66879201860265,4,9.380827729825167
1.0178247262040374,49.61574272634232,26.465127335163352,1,10.693815046797836
1.5285913918433203,42.71982292950969,7.718088654309966,4,7.414797496993959
2.459577283845081,11.217015203509455,-1.8039457809296433,5,2.9798881803179462
1.6068137325955567,46.599165517551896,29.098385628636592,5,12.742061215161447
1.8656702405130576,6.701953496388328,34.31584748793984,4,9.446719414269001
2.850951686938471,41.05503571606839,8.937640625800999,5,7.832180776311216
1.7337359529475482,19.650541380352426,28.689956241338827,2,9.018887408929729
8.967654246264251,44.020741701808404,13.707854456690196,4,12.188421787565973
0.8023374566164221,43.534777815265066,32.79241299695706,2,9.293886382309237
5.245113895702547,40.49034460576344,1.9529164936431869,2,6.265105786845791
4.103968269896615,39.71149137904601,43.41290015817046,3,15.694627630300081
9.823786169086064,15.929277815804,7.244575787934785,4,10.245627337864498
1.1203890216805235,4.965044869511357,12.067159265369174,5,2.542927593186967
3.9785559904574166,20.746028759492912,-6.514482875179013,2,2.4905926623885404
9.69470433275369,9.502701234338925,-3.3092672607234164,3,6.4672226716608145
8.655071258939802,35.05260335622062,20.951714162739687,4,14.101334261393069
8.1707207094928,17.95888660035149,6.055560603678288,4,7.872247573941188
2.579028270449398,48.80489984213583,40.12881354453166,1,13.812984469923546
1.7088758739006582,32.40763178992127,-9.11839668070277,1,3.791232529692095
6.68643219924431,41.30154761808369,12.745642920316172,2,11.418592151492327
9.293759891275858,7.4937089643505725,10.240732806145559,1,8.603015801378113
5.567628930139298,43.2387096313585,-8.840342144943937,2,5.471552996725967
5.7161268946989985,46.215102335156324,-2.5378960599693867,5,9.585688706554933
2.7997909366028417,24.86603402212786,14.818560495118117,2,5.505142236674118
7.694929331919369,30.706393949797896,19.571875066846797,1,12.263709165967846
1.8704374855752337,38.475680244246774,14.257384835292147,5,9.067731580828836
3.2367923640424365,9.567092735760214,21.856260704725628,1,7.3752917877901805
4.254364386164168,25.62573774670868,25.70790049434089,2,9.486083408543653
5.07610378684455,20.53448836084334,-9.404570732329862,3,1.7965602349324865
2.4240973241508024,8.172325615950207,17.845709567210232,4,6.9061272849041995
1.1483682473920354,19.00918669228504,47.8099544532553,1,12.88848823316698
6.1062004244163255,4.340443159889185,21.14193680777292,2,9.01822427457043
2.8863055324025577,2.2647834405248624,30.65253604753719,5,9.894916915585789
5.812382214226123,7.623148168586315,8.711831475012993,1,6.0790339140277485
1.5436271527420231,48.192640467869516,36.43948268916575,1,12.255187724798153
4.811401018548175,27.926947258855833,36.37528891256691,4,14.440929090193086
5.325894325515859,48.32528589650778,21.277762859248337,2,11.315405976783046
0.5182353682242691,22.19239603817647,48.560829396752816,3,14.197587403345482
3.366042781939206,16.278990521177718,-2.4669871142407978,5,4.233541151433043
1.3441467693897424,25.80095127917196,-8.98314010662514,2,2.0048312714215557
0.6337497047276774,22.536072743012596,36.20949270542576,5,12.178307286055352
9.899602323899453,6.177569528825452,38.42933224189295,1,14.554893188745002
3.2235384497472297,32.400489419820104,-2.7875662527654255,4,6.264943595252679
8.09874445854635,11.58587094297038,5.934969977516364,4,6.7744954695178174
2.5464065476376385,31.35980978999365,-8.946858198002266,3,4.282482163656282
6.8150272222392925,32.859853527509514,7.5985166468338825,4,8.598412683266925
7.6022785988968655,8.449217803303757,36.38851243512029,1,13.011664968530527
5.956387406078443,4.00613172842274,21.077631662754737,3,7.069170012370179
4.715761885501584,39.25731771735355,10.885735590097283,2,8.967079770567238
4.118409141472686,23.53022076469669,12.304357694379817,4,7.252207046576303
3.4886826654299528,3.8500259797683136,-9.918782457071911,3,1.915523091725451
9.29529144247826,49.74844954131859,7.9880316539141525,1,12.635263780242836
8.306194077877292,3.8312474888219654,28.78752449827583,5,11.992723201267943
9.650269106665126,35.05672621406911,48.45166662898143,5,19.687249644473646
1.2429722348554473,49.20026733790726,40.82364961903397,1,14.710419897506382
7.308674752036443,12.719825106580355,-8.584302121268252,1,4.630574342371724
9.383404568210379,7.970219065672612,43.91363628049036,5,15.808762621432685
1.8123306616566015,6.947862031699016,36.991904797917556,3,9.399657168633734
0.664962673667775,15.860482230812181,36.82256741425883,5,11.43031052920736
7.4112064929005905,5.951244739521687,17.47974554021429,1,6.23794945735165
5.744731131799119,34.915905743012466,13.88031757727017,4,11.249671195213665
8.41828776758272,4.052298108373072,8.174943729991558,2,6.1391754911852665
1.397723766262895,25.961684279339696,-6.0583084627380535,4,3.0431407522453573
7.952673118598902,49.83814583879586,3.6941218096219472,4,11.815026828221736
2.0162732004774453,40.88454320579492,4.796218098681477,1,5.940325024164819
1.636559428657045,31.145752473319533,19.044624182612097,5,9.889188676757698
1.6426579793099294,16.00642741854397,34.84666439580164,3,11.430213364744104
8.14574720231382,31.570895978290284,18.428589703876796,4,12.225714229808801
6.651972206962001,26.82503173167093,-6.529333033170364,5,6.514070825838733
5.230654247691193,21.878085810628203,47.46738805929223,3,15.077177442823146
3.5883048412350247,7.404808460269774,46.56345914564673,4,13.162923092837556
8.772005408131083,44.44360654678287,37.1113725889045,3,16.036233096574698
3.924451074226354,23.039447792244804,49.479674093853234,5,15.36836704855023
8.16599439471577,10.536503079217487,22.668939968015778,2,8.98222989190027
4.391349085702184,19.02020819298719,47.76610101519236,5,14.252148340660886
3.769444294249076,21.292357873917425,-5.463697562994954,1,1.2182694012451272
4.626797856696064,41.54935688277684,11.940844895682279,3,10.02043174926706
3.0137787416414206,36.9471046475087,3.5228760804059505,2,8.197777217030184
7.476093801762511,38.69593978842565,1.7499850480562014,3,8.40153215419449
5.027203900924792,1.5405319570037135,-1.551823066439436,3,4.22242412344726
2.322126951468173,21.391545910808315,27.3448184939598,4,11.094874581623792
8.995745732745684,24.585863430130857,36.87931134483831,1,13.43318424400532
3.8389122137321143,1.9404215643297777,24.69790396522164,3,6.96928513865254
5.435528611139886,13.730847228506677,-1.18223742470742,5,6.345199631831333
9.06472110964547,38.254201332984614,38.66742619600826,5,17.498924564330995
6.242379959139921,7.718375580720954,28.15728242982371,4,9.433695157456205
1.1689804070836407,27.23019644117699,13.28994236761973,1,5.628638734254858
9.398321236134752,11.544891728844638,30.447817732163777,1,12.662873582196662
6.277080530714178,1.5939179575507705,5.594298754569971,5,5.122855137921327
3.3490561465708613,12.818871422377532,10.711532509652631,2,2.9241848520193154
1.3927207266338726,48.81781399059263,45.049150587919414,4,15.465958702752246
7.9402518927029595,40.27531848226649,7.430270340285222,4,10.442718668779978
6.200727559285135,48.01925557173064,18.199296089476196,5,13.051374988855198
5.334610919763215,24.90484815239176,43.40846824376088,5,16.59836729716249
8.938925830509577,6.377073735197672,32.463281016051646,2,12.25334928988393
7.885972112245307,27.850014959710954,-6.267806430117835,2,6.317363620495889
1.5167487973275118,23.264489393438083,-1.161817343261779,1,4.2079968430046275
3.1172206779554825,42.373497054241184,-9.52950455368499,4,5.100403149500623
2.4848913981446574,5.806046458427985,27.855307413749806,4,10.73063257295519
7.43946292572677,24.923815714067132,16.8604055246251,5,9.820485845216117
0.3353243473577938,8.352384570005228,-1.9435089458634671,1,-0.0199488716011178
5.698896848713165,16.90912041761294,47.47604726340623,4,15.849528327069935
7.624586857406905,37.130496792002184,21.779583436737195,1,13.43557332818975
8.767656367617494,24.32488833906956,4.51359764677335,1,7.81824155020175
3.4208174871590744,19.418525972142696,20.036214269282453,5,8.148883023860892
8.212573046720129,20.32933764993173,30.777219964106465,1,14.355653866399884
1.1063173695520723,23.512891651893344,-5.425646921586131,2,1.6269495708438342
8.464522917345182,39.46581064801579,6.482228902873519,2,10.414342755181853
1.2748866233198242,44.71214975807148,38.41792945303962,3,15.00639598942277
3.9728729056036727,47.811399638692485,17.579892224159675,5,11.341949638082
7.972953657795536,39.55826592650946,22.794628521937696,3,12.779101288679541
1.4991742734877378,16.454937891652623,15.968960132568156,2,5.635185210393098
2.2925139523264146,34.71860059824056,-7.366003441419693,3,4.946467604278089
7.222525683930662,22.442553078714205,-0.05501321079064425,5,8.404663212881283
7.200365365460744,13.478860480256508,16.732498324513454,5,9.828293787420842
6.411476328852973,42.202707391870206,2.5511279244756686,1,10.119316741578375
6.939484444671001,2.882891099153925,-7.001258280419275,4,3.5897462354371656
5.427244433475962,45.186337614635754,40.61897984310942,1,16.948385160991606
2.5179905890695276,23.612395766611975,48.87155174984695,5,14.462543616914413
3.4569599350391944,32.222872363605745,37.588572439804366,2,15.40223822554661
1.8159771680142567,33.30834218808335,41.22709530228002,2,14.654373278851178
9.084505613336283,44.86076929462028,4.518627819022722,1,10.104080664406201
5.833917947661204,32.19681442619316,47.63761853079198,5,18.598704331325315
4.008514167636399,31.082745653243027,1.8155422672057036,2,7.459620593755661
4.620058036441327,4.2659499874738085,47.08578862170994,5,15.206822817602681
9.472833396118153,26.401993075315,49.68915763795706,2,15.432461197461686
1.533514031160802,8.358281040035042,32.70336834476292,5,10.362610237827326
5.862298320167972,37.13425466735279,48.86862390750932,3,17.86059817762687
5.05888678884466,26.09887411982105,24.172386774026222,5,11.944881442153132
6.1145423543464785,34.33116118120931,5.5725069905654205,5,9.323235126805152
0.18110183820840509,3.041972129516829,16.219753139937254,1,4.186510039557863
8.721239089441514,5.154808786244358,25.613656122727157,3,12.181971953188707
9.321182824836123,36.09984601507143,-5.6151062783791,4,8.887028131942756
5.65133183589209,4.532132463934995,27.340595877034765,1,9.26390478347886
6.966508238768922,4.491579660497671,48.870670205737675,4,16.04592714141738
9.224993811772958,1.593315286509485,1.4064589870236581,2,6.07114641035403
7.072386343133986,47.86856851667453,37.555706977303,4,17.547759846048425
1.5253904291426135,37.13790961349134,44.47392762677716,5,16.7383088100871
5.762883601668132,18.309319016601144,46.62209556921325,4,14.802312103787184
6.067150463828559,15.530243483095106,47.60813626432683,1,12.892516494687914
4.24130671302386,18.135458257546627,21.287578323288315,1,8.564078357915054
7.3644423562472285,38.958023027877914,48.63847447949022,4,18.720261721766416
9.343670147690148,33.407159942450306,35.438612428066335,1,16.121802583160562
9.255685129067764,10.074582825505928,-0.2997138257822858,1,5.982673996589979
4.508393714041321,9.531357431370132,18.6140063880782,4,8.88525312174587
1.1323804584075525,5.821386835956469,33.09987052232024,3,11.17291969753504
9.848411989623346,33.35483326536557,4.8404189491450005,3,10.92928743005424
8.388980864459342,38.454260448865064,28.436911012933244,2,15.304613980754295
1.2466268120326685,13.987274987925197,29.99602874279715,1,8.19171524564585
9.208418826173723,2.0263030905147277,-0.23801537148604623,4,4.573979558333823
8.698963620621283,5.02641170634494,23.905118747165375,1,7.635035143248467
5.188380571260721,48.425141707406496,36.29761465871646,5,15.677546805978583
5.912754357449293,15.476794096393593,19.933739872156515,1,6.210432906830189
3.9900270387013026,38.69193424406855,-9.273812993433555,1,4.822993370090069
0.5476163882203133,31.608514873858926,-9.45769185524247,3,2.060304326022701
3.3519724164590095,19.7150423429919,11.42176063820073,4,5.818467703693599
8.028534485980114,11.0786758475822,45.57164410590692,1,14.667337768878287
0.04632023004602859,6.947934489810915,3.720606776216526,3,1.6234427256056074
3.334991716911442,31.135635433904465,28.06182133230123,2,11.444199921957184
3.9816869359094333,38.95705525125161,3.3245522415992355,3,8.159085771222228
5.373956029379229,32.55130842351541,9.300199379572916,3,8.000314569967296
9.198556164127606,26.98480452920876,40.882525376089035,3,16.136982429112162
3.4634599436596125,3.055609948150177,33.73168653619681,1,9.298524027722408
3.469532018962277,48.4559501021248,-4.276043361207362,1,4.618110133909721
7.3750124810974835,40.13699539107415,15.722121259186018,2,11.660437554370377
4.522179408898071,15.348279798347273,-8.249814181284131,5,2.214936199947541
2.2460482293998196,49.01854613858368,18.85340879618054,5,11.861277467347255
4.524395161326934,30.49219789217978,29.746040702064086,5,12.325461847666064
1.4085702037979986,29.538710252155077,-2.889842584110907,2,2.2436448762480916
1.763869865062233,37.65558579204707,7.333096334549939,5,7.034139179504988
4.983677727394797,40.77671961641674,13.870197530129417,5,10.305875750171513
4.189254495045479,33.16745175924363,45.17186147936299,3,16.414265602706646
9.148459010681,7.276691571943801,49.59530092537784,1,15.694263546896243
3.623938991166331,17.57510779373042,-7.305322060263048,1,1.452138405338465
5.805883502780435,46.476098375976434,35.660475409723524,3,17.231712958133052
6.322642879195303,12.006164980348744,12.303443984140593,3,8.349117135971204
0.13094456588333636,19.236184168038154,13.547491173768801,3,5.262266565919582
6.635373720167106,22.171767264265604,35.25589840082136,1,11.332209080979363
1.7803596686975143,22.530844495028155,45.105585928724516,5,13.239787890116284
9.610703174694551,31.03403954223175,47.05571567015291,3,17.99938559094336
1.4866272775311296,47.21071604949067,24.627355162299246,2,11.358888607624737
4.146241237270237,12.793942879792743,11.427269558030169,3,7.145225327880081
0.8534966807864386,6.953567438744985,37.25294515152675,4,10.579276209983805
9.968742518459473,10.676054003136928,5.060082995738016,3,6.352525827852486
5.021950103312426,44.459320110254204,23.844441730011063,1,12.23430022984709
5.953850173200438,32.6447298201051,11.51470769149239,3,9.284723781660995
0.6707647738842748,15.009432672718846,29.397864422472566,4,11.593875814878414
7.499604703991778,40.98140000946225,4.423934773610414,2,9.397423746760568
2.0990559309558576,43.207129821808365,1.495576744089547,5,6.546703098015303
8.980542894407137,42.47920259582362,45.09434520052623,3,18.76742960360809
2.0513964048200717,46.02740014833817,-3.8917790230277856,4,6.04151412462753
1.9068772066366657,13.359809988494717,20.3574744640959,4,5.571875187835971
0.3654966784809488,37.997054508567636,3.251166977780535,2,5.640991649071182
4.720669451099992,23.56643536643286,-7.664202200459953,1,3.1735797314227088
5.648411332626164,42.257929091613015,-7.838870902514417,3,6.3555331798109815
0.6570863942835237,36.69604318091905,0.5133063263496407,4,4.427240246613037
7.755276166950106,39.04592487848651,42.006221270360015,2,15.689560595183472
4.532888347480276,33.151930046372506,6.948724638621599,5,9.350264440177353
5.243902693275801,9.694009704015636,47.02755023451774,4,15.305319020385836
4.407627469382281,27.706319025949977,24.897337579351614,2,10.972011758593695
4.00763060875326,49.2488172367009,16.196851386125964,1,8.657269704712279
5.596403313082179,46.932015258358824,24.805330080167273,1,13.235532557671752
1.552402459307125,3.115513054053572,21.001903113576066,4,4.692196606437448
1.8192813049527112,9.07592597074242,35.52657522543951,4,9.461372659810234
8.617856210135173,7.454709899273533,6.949763958371136,3,8.20991033542641
9.461154621336327,36.57301558927948,11.183023496018144,2,11.88208205050423
3.7330931627975295,41.07148116299031,43.64565815199504,4,16.359793692630273
2.707446731435538,11.462056949222923,46.78739078902433,3,14.070309872364712
6.439995432390157,25.786781954639622,43.55349364918847,3,15.96938978890466
4.087341710980964,42.1944483725488,15.166879637438814,4,8.477472395192242
0.2538635566034486,36.90727569354628,36.8219301804129,1,11.112514537482573
1.5615259736619036,27.569623069100565,18.580143998065928,2,7.812145635623133
7.159722288473976,29.92703683247987,19.852391128766133,2,10.984301326468827
6.589239419101514,25.909666798897717,2.2808065434370377,1,6.024612523025547
0.2709599250348349,15.579874114622209,25.467818195510986,4,6.956874879618241
2.219721619329494,28.68607765009179,1.1681538652008765,2,7.21284431717342
2.310747965880714,34.75537980045444,9.893881944031627,4,7.4209435265863455
6.718927435987284,43.792822877179574,41.301812097196105,4,19.550710478525275
0.19710537754364155,32.17827634498316,2.424548552651313,3,3.559999629044345
1.0410858198457384,38.29495531511474,-5.730502889594032,1,4.160997932274545
7.999160853731894,8.843510112774077,-5.859544443231021,4,5.14166396588702
1.7854466205433361,23.616316246569706,46.447071230186474,5,13.121819653900872
6.527461078518747,1.4572493715275714,20.415226277710076,1,7.324943622133462
2.381827810467265,13.087264361559528,14.564724309021098,2,5.997455133832834
0.9944139275934516,36.596624040537236,38.65271486047511,3,11.943295722779345
2.4317219099945406,49.59868761611881,40.14955567463096,2,14.549500257499917
7.2226693185565916,5.8597268797735795,9.931461986936277,2,4.418697319252294
8.556964681062858,20.673221477203125,31.617083448427714,1,13.680737168206024
8.302198645669916,40.20347746625882,36.2673689511132,2,17.252072533806274
3.9718352961845484,10.997746096816043,29.27904121195727,4,10.595864207663992
6.680851365706461,28.199162515812027,-0.9042955119940377,2,8.843740959973406
2.0498429541582097,36.92049350545407,42.552985011023424,3,14.809664057429092
2.9314773026101326,31.18328706274877,22.345673164160523,3,11.09601162918961
8.963358185211197,10.21321199615539,6.948345582200222,5,9.631032241171294
0.13001923510736035,18.413843865601233,15.513691126261634,3,3.1581188727804963
0.8550853085446808,39.405797439784465,-7.745734576065557,2,3.8426486817872383
2.078862551460273,28.157099192468813,-2.3279919266549465,3,2.906607859329247
0.26532203873819715,1.2562510636027242,35.93280503095165,1,6.5639436803488955
1.8143543508979731,38.2885472413766,-9.999301914678032,3,2.6291982448491247
5.830415609696922,2.7302563920717144,14.993949708937532,4,7.074307585825762
4.214245505924979,37.54095535383038,21.350610865135305,1,11.081800422110286
8.926717110769749,10.921547448096634,-6.721934799941662,5,6.14511616521291
8.17443561738441,47.94560052584963,48.38468977833997,4,19.746134434127566
3.4181735169787597,19.02909681380214,3.5675198749803165,2,5.6481838560716175
2.594234334312925,17.019649200565876,8.251923178176853,2,6.032953044440523
3.7969240816726693,8.295514466289788,8.236550735301641,2,5.417947823758986
5.902949425148077,15.974606559020529,3.8249997270409946,4,4.789430527809505
2.6806364082287626,43.95588732958183,-9.911570674821315,4,4.214260012751577
6.24148907849134,49.82038254373512,33.76068764527978,4,16.081248156617786
4.0941165219124045,19.047166994835568,48.01072998795712,1,14.58737384117227
5.520471808519803,22.981920916772587,3.457608997102703,1,4.721370137633714
4.361265291353167,36.381475971934115,29.782831508205348,2,12.364001354735784
2.9446575954191765,44.42359324278865,34.51377961752291,3,12.151819589103583
9.484533069621566,30.059172375152425,40.90552274543148,2,17.555206307131602
7.636057941597608,20.184759210713636,15.357751820816546,5,10.650402534398202
1.4011317576645255,21.218470201582562,8.175854338425754,1,3.4114477307197273
8.684679758979128,35.08528917834354,9.517708041381866,4,9.601681867795998
4.874311982495136,1.1576949166096555,32.75727998591077,1,9.791813351674948
8.945522268940914,31.359877535532192,39.00676799033816,4,17.984901400654472
7.998552559473152,18.419157511626512,0.8968380653961603,5,6.423773806529113
4.252135044692334,39.91566923257713,12.256460489465912,5,10.855530652113139
0.22469308320117398,5.556541351333475,44.116411804949,1,9.249045319695906
2.686773593849461,29.821911080471136,38.40161118168435,4,14.0290942440016
5.416342146608669,24.567671604420063,49.091504165748546,5,17.166429977261362
6.334782198261473,32.473950769356144,35.254895580924845,2,14.221065133733758
2.578876854332023,4.1778261296654495,13.591712061675338,2,3.191172146187041
1.3935607407282413,29.41920558397843,25.438270039678265,4,10.607540586821731
8.34930236799299,28.512744810016663,29.66085525483922,1,13.760115986962873
9.84402180703552,28.472344626392374,-5.2926510209725635,5,8.621144915156988
5.256901823026858,30.570895663226285,22.669817546231904,1,10.715178050313419
1.716792858483035,34.146928924091746,32.559249708356575,2,10.506152374989899
2.7230732651936895,40.44446098435772,0.03927824006362357,5,7.996801150064453
0.18390676547466733,14.221215286282503,36.83790304553343,1,10.079795241288906
9.14298806560499,41.42742109882304,25.026366830846698,3,13.544086732009477
1.1775108289014113,25.41452843090923,47.13330714185568,4,15.071164696430516
5.765164755142536,4.775855677582227,-7.454662107586499,4,3.2009049584475777
2.74055220687206,3.8689955329549806,5.919568253328018,3,3.970226260542304
5.541780025157934,17.37767761610698,26.09323275798944,2,10.150948989368871
6.514203883518642,39.45995187846191,7.793594732355842,5,10.183822679491625
8.297418037072017,35.67636580230487,32.86544984427453,4,16.860334755931174
2.064212717606032,39.642133268947916,35.54031695131586,3,14.037458060559496
0.10995828658480478,26.34618376563886,-3.8490421560115333,3,3.8316361722933965
1.3688563006880727,22.569750899819038,20.831267852406064,2,7.892221163352531
9.00018641848105,8.225173808607913,20.533433335463354,2,10.918468980728383
8.738900775625153,17.081444926856268,12.156846212932464,1,7.974651049044126
5.974131021703083,22.26694894251989,45.975491754180325,4,16.192301734437663
6.005168604336534,5.341421054301245,39.650379192393274,1,11.61331421410808
6.650366745462555,11.809985682849351,31.832562914578205,3,9.712889536523532
1.753712786234496,30.313039409123203,32.859598144099856,5,10.393978304027577
9.144119459249598,37.0474925977203,17.702968628787147,5,12.654423935065038
4.187705248920731,49.91902805825453,45.25967126579455,2,17.15284366779344
3.8313852824949746,46.722553235834326,31.675725635197125,5,13.761013303536377
5.189177052828375,32.48569477722438,33.73886369934899,5,13.499814006621715
0.46965966775055046,21.64115461140953,41.70145422724072,5,13.002497062339213
1.662833687560794,32.172690870703406,6.444295360531459,3,5.682532883507342
7.380336164263705,39.496929285931365,38.42425423200218,5,18.155519099159836
0.8279866792512647,6.798473355245979,1.7144361773895227,5,4.101851650448269
6.031521094663882,21.085339595118125,10.72051713469327,5,8.790279254353726
2.4534910968132095,42.15031199614524,10.136627256190561,1,8.52256365091757
3.8929561404197655,19.807814644719155,48.711528103348435,3,15.18680560970787
2.8869373677069987,29.02174129013214,41.39223342487561,2,12.978424221882433
3.5567271646494913,29.800698682247713,32.07019169541559,1,12.334106452604782
7.1904590518424545,10.039336403548328,33.623405696923406,4,13.532746361051268
2.9712171562317504,18.74953664096213,23.724367664154265,3,8.053000544252543
5.664046402968972,17.391053148354676,46.825440026511146,3,14.989765159942925
4.760504021990997,2.283638718071175,19.77552517294169,4,7.90622473996712
6.636711653626481,2.185396430676407,12.831062592193671,4,8.152727455770322
9.36829739324758,41.7531551401129,-0.21787978410453945,4,9.572029903364838
7.325720972102503,14.380469688667809,37.17233913566348,2,12.5376149492743
2.149403785907568,26.385859545701955,34.06663592453549,5,12.19561469274223
0.3118313506128467,15.637553105849879,13.061302311448092,3,6.413290671434602
2.622640442998251,47.09328301065168,-8.488395162446238,5,4.623592374665112
5.9507793070025485,13.705541184422913,40.339839663080646,5,12.889105551222567
0.5142581348425035,22.053183824207817,-9.314920992755582,4,1.2789583433203284
4.963662472012364,43.76378227374549,32.221986777743055,2,13.56002974684779
5.968428489168892,42.254744772798624,48.21542658356342,1,15.387191236139483
3.3424389081696084,10.118969474467589,16.25967968889221,2,8.033247626225153
7.7091220374582194,40.32952217998981,4.098404299757165,5,10.076887505330411
1.065982531337718,23.45115745015674,32.2922606026029,2,9.656454607025141
0.7513778173580876,24.665474732182407,39.02768852093511,4,13.470411624119723
7.281887562036033,7.540518648381245,22.78581896467084,1,9.969952933914122
4.954913162061985,4.949474174099108,48.02211651536877,4,13.241405424181309
6.88402396427736,36.669026041714496,-6.899876700522334,1,6.1935470915138175
4.348273386037462,25.326596465409686,20.287735898271688,5,10.222606386837558
2.464020332391068,22.405684428143797,33.10723683935301,1,11.842376833809794
8.191023176741997,36.74590320396744,41.75842826895074,1,16.254363360874297
7.994158789689792,38.51013205056438,0.7553367144674024,1,6.857100400936604
6.946964708544268,8.786500215798323,38.000208905820884,2,10.674950050210848
2.7214513722996267,30.901032324404422,23.162424543112714,2,11.158475174619486
5.902306668690871,7.632350031606591,13.793220919397793,5,7.184417823623024
3.6097389694002677,37.81737921542324,-2.0970982852543862,1,6.13739940482489
0.9158207332663415,33.19080265708983,41.917745534534745,3,13.132303169964155
9.173135754622429,47.87411643308944,-0.5636075092170785,5,10.344603230898485
1.368186309189614,4.378942801464638,8.587271552545953,1,2.879594328247336
9.502373538208024,3.7956813364114614,7.4027319177462125,1,8.494679167823934
4.460057729579558,14.827166659966807,42.28484205145126,2,11.321650512433585
